{"cameraMode":{"drawMode":0,"name":"Shaded","section":"Shading Mode"},"sceneLighting":false,"audioPlay":false,"sceneViewState":{"showFog":true,"showMaterialUpdate":false,"showSkybox":true,"showFlares":true,"showImageEffects":true,"showParticleSystems":true},"in2DMode":false,"pivot":{"x":150.60000610351563,"y":-14.550000190734864,"z":-298.25},"rotation":{"x":0.10156256705522537,"y":-0.6991599202156067,"z":0.10138073563575745,"w":0.700415849685669},"size":4.041658401489258,"orthographic":true}