{"cameraMode":{"drawMode":0,"name":"Shaded","section":"Shading Mode"},"sceneLighting":false,"audioPlay":false,"sceneViewState":{"showFog":true,"showMaterialUpdate":false,"showSkybox":true,"showFlares":true,"showImageEffects":true,"showParticleSystems":true},"in2DMode":false,"pivot":{"x":-19.590614318847658,"y":9.607972145080567,"z":1.2441229820251465},"rotation":{"x":0.15153264999389649,"y":-0.41681811213493349,"z":0.070691779255867,"w":0.8934781551361084},"size":25.576560974121095,"orthographic":false}